メンチカツ,6
タンドリーチキン,6
手作りロースカツ,5
マーボ豆腐,4
鶏の唐揚げおろしソース,4
回鍋肉,4
肉じゃが,4
鶏の味噌漬け焼き,3
酢豚,3
手作りひれかつ,3
チンジャオロース,3
チキンカレー,3
ポークカレー,3
キーマカレー,3
ハンバーグデミソース,2
ハンバーグカレーソース,2
カレイ唐揚げ野菜あんかけ,2
鶏チリソース,2
マーボ茄子,2
手作りチキンカツ,2
青椒肉絲,2
ロース甘味噌焼き,2
鶏のカッシュナッツ炒め,2
ボローニャ風カツ,2
手作りヒレカツ,2
海老フライタルタル,1
サーモンのムニエル2色ソース,1
白身魚のマスタード焼き,1
海老フライとホタテ串カツ,1
ビーフストロガノフ,1
牛丼,1
鶏肉とカシューナッツ炒め,1
手作りトンカツ,1
さんま辛味焼,1
ポーク味噌焼き,1
豚肉と玉子の炒め,1
鶏の唐揚,1
和風ソースハンバーグ,1
ホタテクリ―ムシチュー,1
チーズハンバーグ,1
洋食屋さんのメンチカツ,1
肉団子クリームシチュー,1
鶏の親子煮,1
カレイ唐揚げ夏野菜あん,1
ハンバーグ和風きのこソース,1
豚冷シャブ野菜添え,1
ハンバーグケッチャップソース,1
豚のスタミナ炒め,1
白身魚唐揚げ野菜餡かけ,1
カレイの唐揚げ,1
豚肉の胡麻シャブ,1
アジ唐揚げ南蛮ソース,1
サバ焼味噌掛け,1
鶏の唐揚げ甘酢あん,1
鶏の唐揚げ,1
牛肉すき焼き風,1
ランチビュッフェ,1
チキン南蛮,1
メダイ照り焼,1
カキフライタルタル,1
厚切ハムカツ,1
白身魚唐揚げ野菜あんかけ,1
親子煮,1
ビーフカレー,1
チーズメンチカツ,1
鶏の天ぷら,1
鶏のトマトシチュー,1
豚の冷しゃぶ,1
豚キムチ炒め,1
カレイ唐揚げ 甘酢あん,1
牛肉ニンニクの芽炒め,1
カレイ野菜あんかけ,1
チキンの辛味噌焼き,1
カレー入りソーセージカツ,1
牛肉筍煮,1
バーベキューチキン,1
鶏のから揚げねぎ塩炒めソース,1
牛丼風煮,1
鶏のピリ辛焼き,1
クリームチーズ入りメンチ,1
タルタルinソーセージカツ,1
ビッグメンチカツ,1
さっくりメンチカツ,1
豚肉と茄子のピリ辛炒め,1
豚味噌メンチカツ,1
厚切りイカフライ,1
ひやしたぬきうどん・炊き込みご飯,1
エビフライ,1
豚ロースのピザ風チーズ焼き,1
かじきの甘辛煮,1
プルコギ,1
いか天ぷら,1
豚肉のマスタード焼き,1
肉団子のシチュー,1
ビーフトマト煮,1
越冬キャベツのメンチカツ,1
サーモンフライ・タルタル,1
チキンステーキ・きのこソース,1
白身魚ムニエル,1
牛すき焼き風,1
ポークソテー韓国ソース,1
きのこソースハンバーグ,1
炊き込みご飯,1
和風ハンバーグ,1
チキンクリームシチュー,1
ジューシーメンチカツ,1
ポークハヤシ,1
チキンフリカッセ,1
豚肉の生姜焼,1
鶏のから揚げスイートチリソース,1
五目御飯,1
若鶏ピリ辛焼,1
ますのマスタードソース,1
チーズ入りハンバーグ,1
豚肉の生姜焼き,1
ジャンボチキンカツ,1
牛スキヤキ,1
白身魚フライ,1
チーズ入りメンチカツ,1
手ごね風ハンバーグ,1
鶏の塩から揚げ,1
鶏肉のカレー唐揚,1
ビーフシチュー,1
青梗菜牛肉炒め,1
筑前煮,1
手作りひれかつとカレー,1
ゴーヤチャンプルー,1
鶏の照り焼きマスタード,1
豚すき焼き,1
厚切イカフライ,1
ロコモコ丼,1
牛カルビ焼き肉,1
海老クリーミ―クノーデル,1
やわらかロースのサムジョン,1
たっぷりベーコンフライ,1
カレイ唐揚げ野菜餡かけ,1
八宝菜,1
キスと野菜の天ぷら,1
チャプチェ,1
ポーク生姜焼き,1
中華丼,1
白身魚唐揚げ野菜あん,1
鶏の照り焼きマヨ,1
鶏のレモンペッパー焼orカレー,1
ハンバーグ,1
チキンのコーンクリーム焼き,1
牛肉コロッケ,1
酢豚orカレー,1
ぶりレモンペッパー焼き,1
チキン香草焼きマスタードソース,1
厚揚げ豚生姜炒め,1
白身魚の南部焼き,1
鶏肉の山賊焼き,1
名古屋味噌カツ,1
ハンバーグ（デミきのこバター）,1
さわら焼味噌掛け,1
